code,항목명
A01110,곡물 및 기타 식량작물 재배업
A01121,채소작물 재배업
A01122,화훼작물 재배업
A01123,종자 및 묘목 생산업
A01131,과실작물 재배업
A01132,음료용 및 향신용 작물 재배업
A01140,기타 작물 재배업
A01151,콩나물 재배업
A01152,"채소, 화훼 및 과실작물 시설 재배업"
A01159,기타 시설작물 재배업
A01211,젖소 사육업
A01212,육우 사육업
A01220,양돈업
A01231,양계업
A01239,기타 가금류 및 조류 사육업
A01291,말 및 양 사육업
A01299,그 외 기타 축산업
A01300,작물재배 및 축산 복합농업
A01411,작물재배 지원 서비스업
A01412,"농산물 건조, 선별 및 기타 수확 후 서비스업"
A01420,축산 관련 서비스업
A01500,수렵 및 관련 서비스업
A02011,임업용 종묘 생산업
A02012,육림업
A02020,벌목업
A02030,임산물 채취업
A02040,임업 관련 서비스업
A03111,원양 어업
A03112,연근해 어업
A03120,내수면 어업
A03211,해수면 양식 어업
A03212,내수면 양식 어업
A03213,수산물 부화 및 수산 종자 생산업
A03220,어업 관련 서비스업
B05100,석탄 광업
B05200,원유 및 천연가스 채굴업
B06100,철 광업
B06200,비철금속 광업
B07110,석회석 및 점토 광업
B07121,건설용 석재 채굴 및 쇄석 생산업
B07122,모래 및 자갈 채취업
B07210,화학용 및 비료 원료용 광물 광업
B07220,천일염 생산 및 암염 채취업
B07290,그 외 기타 비금속광물 광업
B08000,광업 지원 서비스업
C10111,육류 도축업(가금류 제외)
C10112,가금류 도축업
C10121,가금류 가공 및 저장 처리업
C10122,육류 포장육 및 냉동육 가공업(가금류 제외)
C10129,육류 기타 가공 및 저장 처리업(가금류 제외)
C10211,"수산동물 훈제, 조리 및 유사 조제식품 제조업"
C10212,수산동물 건조 및 염장품 제조업
C10213,수산동물 냉동품 제조업
C10219,기타 수산동물 가공 및 저장 처리업
C10220,수산식물 가공 및 저장 처리업
C10301,김치류 제조업
C10302,과실 및 그 외 채소 절임식품 제조업
C10309,기타 과실ㆍ채소 가공 및 저장 처리업
C10401,동물성 유지 제조업
C10402,식물성 유지 제조업
C10403,식용 정제유 및 가공유 제조업
C10501,액상 시유 및 기타 낙농제품 제조업
C10502,아이스크림 및 기타 식용 빙과류 제조업
C10611,곡물 도정업
C10612,곡물 제분업
C10613,곡물 혼합 분말 및 반죽 제조업
C10619,기타 곡물 가공품 제조업
C10620,전분제품 및 당류 제조업
C10711,떡류 제조업
C10712,빵류 제조업
C10713,과자류 및 코코아 제품 제조업
C10720,설탕 제조업
C10730,"면류, 마카로니 및 유사 식품 제조업"
C10741,"식초, 발효 및 화학 조미료 제조업"
C10742,천연 및 혼합 조제 조미료 제조업
C10743,장류 제조업
C10749,기타 식품 첨가물 제조업
C10751,도시락류 제조업
C10759,기타 식사용 가공처리 조리식품 제조업
C10791,커피 가공업
C10792,차류 가공업
C10793,수프 및 균질화식품 제조업
C10794,두부 및 유사 식품 제조업
C10795,인삼식품 제조업
C10796,건강 보조용 액화식품 제조업
C10797,건강 기능식품 제조업
C10799,그 외 기타 식료품 제조업
C10801,배합 사료 제조업
C10802,단미사료 및 기타 사료 제조업
C11111,탁주 및 약주 제조업
C11112,맥아 및 맥주 제조업
C11119,기타 발효주 제조업
C11121,주정 제조업
C11122,소주 제조업
C11129,기타 증류주 및 합성주 제조업
C11201,얼음 제조업
C11202,생수 생산업
C11209,기타 비알코올 음료 제조업
C12000,담배제품 제조업
C13101,면 방적업
C13102,모 방적업
C13103,화학섬유 방적업
C13104,연사 및 가공사 제조업
C13109,기타 방적업
C13211,면직물 직조업
C13212,모직물 직조업
C13213,화학섬유직물 직조업
C13219,특수직물 및 기타 직물 직조업
C13221,침구 및 관련제품 제조업
C13222,자수제품 및 자수용 재료 제조업
C13223,커튼 및 유사 제품 제조업
C13224,"천막, 텐트 및 유사 제품 제조업"
C13225,직물포대 제조업
C13229,기타 직물제품 제조업
C13300,편조 원단 제조업
C13401,솜 및 실 염색 가공업
C13402,"직물, 편조 원단 및 의복류 염색 가공업"
C13403,날염 가공업
C13409,섬유제품 기타 정리 및 마무리 가공업
C13910,"카펫, 마루덮개 및 유사 제품 제조업"
C13921,끈 및 로프 제조업
C13922,어망 및 기타 끈 가공품 제조업
C13991,세폭직물 제조업
C13992,부직포 및 펠트 제조업
C13993,특수사 및 코드직물 제조업
C13994,표면처리 및 적층 직물 제조업
C13999,그 외 기타 분류 안된 섬유제품 제조업
C14111,남자용 겉옷 제조업
C14112,여자용 겉옷 제조업
C14120,속옷 및 잠옷 제조업
C14130,한복 제조업
C14191,셔츠 및 블라우스 제조업
C14192,"근무복, 작업복 및 유사 의복 제조업"
C14193,가죽의복 제조업
C14194,유아용 의복 제조업
C14199,그 외 기타 봉제의복 제조업
C14200,모피제품 제조업
C14300,편조의복 제조업
C14411,스타킹 및 기타양말 제조업
C14419,기타 편조 의복 액세서리 제조업
C14491,모자 제조업
C14499,그 외 기타 의복 액세서리 제조업
C15110,모피 및 가죽 제조업
C15121,핸드백 및 지갑 제조업
C15129,가방 및 기타 보호용 케이스 제조업
C15190,기타 가죽제품 제조업
C15211,구두류 제조업
C15219,기타 신발 제조업
C15220,신발 부분품 제조업
C16101,일반 제재업
C16102,표면 가공목재 및 특정 목적용 제재목 제조업
C16103,"목재 보존, 방부처리, 도장 및 유사 처리업"
C16211,"박판, 합판 및 유사 적층판 제조업"
C16212,강화 및 재생 목재 제조업
C16221,목재 문 및 관련제품 제조업
C16229,기타 건축용 나무제품 제조업
C16231,목재 깔판류 및 기타 적재판 제조업
C16232,"목재 포장용 상자, 드럼 및 유사 용기 제조업"
C16291,목재 도구 및 주방용 나무제품 제조업
C16292,장식용 목제품 제조업
C16299,그 외 기타 나무제품 제조업
C16300,코르크 및 조물 제품 제조업
C17110,펄프 제조업
C17121,신문용지 제조업
C17122,인쇄용 및 필기용 원지 제조업
C17123,크라프트지 및 상자용 판지 제조업
C17124,"적층, 합성 및 특수 표면처리 종이 제조업"
C17125,위생용 원지 제조업
C17129,기타 종이 및 판지 제조업
C17211,골판지 제조업
C17212,골판지 상자 및 가공제품 제조업
C17221,종이 포대 및 가방 제조업
C17222,판지 상자 및 용기 제조업
C17223,식품 위생용 종이 상자 및 용기 제조업
C17229,기타 종이 상자 및 용기 제조업
C17901,문구용 종이제품 제조업
C17902,위생용 종이제품 제조업
C17903,벽지 및 장판지 제조업
C17909,그 외 기타 종이 및 판지 제품 제조업
C18111,경 인쇄업
C18112,스크린 인쇄업
C18113,오프셋 인쇄업
C18119,기타 인쇄업
C18121,제판 및 조판업
C18122,제책업
C18129,기타 인쇄관련 산업
C18200,기록매체 복제업
C19101,코크스 및 관련제품 제조업
C19102,연탄 및 기타 석탄 가공품 제조업
C19210,원유 정제처리업
C19221,윤활유 및 그리스 제조업
C19229,기타 석유 정제물 재처리업
C20111,석유화학계 기초 화학 물질 제조업
C20112,천연수지 및 나무 화학 물질 제조업
C20119,석탄화학계 화합물 및 기타 기초 유기화학 물질 제조업
C20121,산업용 가스 제조업
C20129,기타 기초 무기화학 물질 제조업
C20131,무기 안료용 금속 산화물 및 관련 제품 제조업
C20132,"염료, 조제 무기 안료, 유연제 및 기타 착색제 제조업"
C20201,합성고무 제조업
C20202,합성수지 및 기타 플라스틱 물질 제조업
C20203,혼성 및 재생 플라스틱 소재 물질 제조업
C20311,"질소 화합물, 질소ㆍ인산 및 칼리질 화학비료 제조업"
C20312,복합비료 및 기타 화학비료 제조업
C20313,유기질 비료 및 상토 제조업
C20321,화학 살균ㆍ살충제 및 농업용 약제 제조업
C20322,생물 살균ㆍ살충제 및 식물보호제 제조업
C20411,일반용 도료 및 관련제품 제조업
C20412,요업용 도포제 및 관련제품 제조업
C20413,인쇄 잉크 및 회화용 물감 제조업
C20421,계면활성제 제조업
C20422,"치약, 비누 및 기타 세제 제조업"
C20423,화장품 제조업
C20424,표면 광택제 및 실내 가향제 제조업
C20491,감광 재료 및 관련 화학제품 제조업
C20492,가공 및 정제염 제조업
C20493,접착제 및 젤라틴 제조업
C20494,화약 및 불꽃제품 제조업
C20495,바이오 연료 및 혼합물 제조업
C20499,그 외 기타 분류 안된 화학제품 제조업
C20501,합성섬유 제조업
C20502,재생 섬유 제조업
C21101,의약용 화합물 및 항생물질 제조업
C21102,생물학적 제제 제조업
C21210,완제 의약품 제조업
C21220,한의약품 제조업
C21230,동물용 의약품 제조업
C21300,의료용품 및 기타 의약 관련제품 제조업
C22111,타이어 및 튜브 제조업
C22112,타이어 재생업
C22191,고무 패킹류 제조업
C22192,산업용 그 외 비경화 고무제품 제조업
C22193,고무 의류 및 기타 위생용 비경화 고무제품 제조업
C22199,그 외 기타 고무제품 제조업
C22211,"플라스틱 선, 봉, 관 및 호스 제조업"
C22212,플라스틱 필름 제조업
C22213,플라스틱 시트 및 판 제조업
C22214,플라스틱 합성피혁 제조업
C22221,벽 및 바닥 피복용 플라스틱 제품 제조업
C22222,설치용 및 위생용 플라스틱제품 제조업
C22223,플라스틱 창호 제조업
C22229,기타 건축용 플라스틱 조립제품 제조업
C22231,"플라스틱 포대, 봉투 및 유사제품 제조업"
C22232,포장용 플라스틱 성형용기 제조업
C22241,운송장비 조립용 플라스틱제품 제조업
C22249,기타 기계ㆍ장비 조립용 플라스틱제품 제조업
C22251,폴리스티렌 발포 성형제품 제조업
C22259,기타 플라스틱 발포 성형제품 제조업
C22291,플라스틱 접착처리 제품 제조업
C22292,"플라스틱 적층, 도포 및 기타 표면처리 제품 제조업"
C22299,그 외 기타 플라스틱 제품 제조업
C23111,판유리 제조업
C23112,안전유리 제조업
C23119,기타 판유리 가공품 제조업
C23121,"1차 유리제품, 유리섬유 및 광학용 유리 제조업"
C23122,디스플레이 장치용 유리 제조업
C23129,기타 산업용 유리제품 제조업
C23191,가정용 유리제품 제조업
C23192,포장용 유리용기 제조업
C23199,그 외 기타 유리제품 제조업
C23211,정형 내화 요업제품 제조업
C23212,부정형 내화 요업제품 제조업
C23221,가정용 및 장식용 도자기 제조업
C23222,위생용 및 산업용 도자기 제조업
C23229,기타 일반 도자기 제조업
C23231,"점토 벽돌, 블록 및 유사 비내화 요업제품 제조업"
C23232,타일 및 유사 비내화 요업제품 제조업
C23239,기타 건축용 비내화 요업제품 제조업
C23311,시멘트 제조업
C23312,석회 및 플라스터 제조업
C23321,비내화 모르타르 제조업
C23322,레미콘 제조업
C23323,플라스터 혼합제품 제조업
C23324,"콘크리트 타일, 기와, 벽돌 및 블록 제조업"
C23325,콘크리트 관 및 기타 구조용 콘크리트제품 제조업
C23329,그 외 기타 콘크리트 제품 및 유사 제품 제조업
C23911,건설용 석제품 제조업
C23919,기타 석제품 제조업
C23991,아스팔트 콘크리트 및 혼합제품 제조업
C23992,연마재 제조업
C23993,비금속광물 분쇄물 생산업
C23994,암면 및 유사 제품 제조업
C23995,탄소섬유 제조업
C23999,그 외 기타 분류 안된 비금속 광물제품 제조업
C24111,제철업
C24112,제강업
C24113,합금철 제조업
C24119,기타 제철 및 제강업
C24121,열간 압연 및 압출제품 제조업
C24122,냉간 압연 및 압출 제품 제조업
C24123,철강선 제조업
C24131,주철관 제조업
C24132,강관 제조업
C24133,강관 가공품 및 관 연결구류 제조업
C24191,"도금, 착색 및 기타 표면 처리 강재 제조업"
C24199,그 외 기타 1차 철강 제조업
C24211,"동 제련, 정련 및 합금 제조업"
C24212,"알루미늄 제련, 정련 및 합금 제조업"
C24213,"연 및 아연 제련, 정련 및 합금 제조업"
C24219,"기타 비철금속 제련, 정련 및 합금 제조업"
C24221,"동 압연, 압출 및 연신제품 제조업"
C24222,"알루미늄 압연, 압출 및 연신제품 제조업"
C24229,"기타 비철금속 압연, 압출 및 연신제품 제조업"
C24290,기타 1차 비철금속 제조업
C24311,선철 주물 주조업
C24312,강 주물 주조업
C24321,알루미늄 주물 주조업
C24322,동 주물 주조업
C24329,기타 비철금속 주조업
C25111,"금속 문, 창, 셔터 및 관련제품 제조업"
C25112,구조용 금속 판제품 및 공작물 제조업
C25113,육상 금속 골조 구조재 제조업
C25114,수상 금속 골조 구조재 제조업
C25119,기타 구조용 금속제품 제조업
C25121,산업용 난방보일러 및 방열기 제조업
C25122,금속 탱크 및 저장 용기 제조업
C25123,압축 및 액화 가스 용기 제조업
C25130,핵반응기 및 증기보일러 제조업
C25200,무기 및 총포탄 제조업
C25911,분말 야금제품 제조업
C25912,금속 단조제품 제조업
C25913,자동차용 금속 압형제품 제조업
C25914,그 외 금속 압형제품 제조업
C25921,금속 열처리업
C25922,도금업
C25923,도장 및 기타 피막 처리업
C25924,절삭 가공 및 유사 처리업
C25929,그 외 기타 금속 가공업
C25931,날붙이 제조업
C25932,일반 철물 제조업
C25933,비동력식 수공구 제조업
C25934,톱 및 호환성 공구 제조업
C25941,볼트 및 너트류 제조업
C25942,그 외 금속 파스너 및 나사제품 제조업
C25943,금속 스프링 제조업
C25944,금속선 가공제품 제조업
C25991,금속 캔 및 기타 포장용기 제조업
C25992,수동식 식품 가공 기기 및 금속 주방용기 제조업
C25993,금속 위생용품 제조업
C25994,금속 표시판 제조업
C25995,피복 및 충전 용접봉 제조업
C25999,그 외 기타 분류 안된 금속 가공제품 제조업
C26111,메모리용 전자집적회로 제조업
C26112,비메모리용 및 기타 전자집적회로 제조업
C26121,발광 다이오드 제조업
C26129,기타 반도체 소자 제조업
C26211,액정 표시장치 제조업
C26212,유기 발광 표시장치 제조업
C26219,기타 표시장치 제조업
C26221,인쇄회로기판용 적층판 제조업
C26222,경성 인쇄회로기판 제조업
C26223,연성 및 기타 인쇄회로기판 제조업
C26224,전자 부품 실장기판 제조업
C26291,전자 축전기 제조업
C26292,전자 저항기 제조업
C26293,전자카드 제조업
C26294,"전자코일, 변성기 및 기타 전자 유도자 제조업"
C26295,전자 감지장치 제조업
C26299,그 외 기타 전자 부품 제조업
C26310,컴퓨터 제조업
C26321,기억 장치 제조업
C26322,컴퓨터 모니터 제조업
C26323,컴퓨터 프린터 제조업
C26329,기타 주변 기기 제조업
C26410,유선 통신장비 제조업
C26421,방송장비 제조업
C26422,이동 전화기 제조업
C26429,기타 무선 통신장비 제조업
C26511,텔레비전 제조업
C26519,비디오 및 기타 영상 기기 제조업
C26521,"라디오, 녹음 및 재생 기기 제조업"
C26529,기타 음향기기 제조업
C26600,마그네틱 및 광학 매체 제조업
C27111,방사선 장치 제조업
C27112,전기식 진단 및 요법 기기 제조업
C27191,치과용 기기 제조업
C27192,정형 외과용 및 신체 보정용 기기 제조업
C27193,안경 및 안경렌즈 제조업
C27194,의료용 가구 제조업
C27199,그 외 기타 의료용 기기 제조업
C27211,"레이더, 항행용 무선 기기 및 측량 기구 제조업"
C27212,"전자기 측정, 시험 및 분석 기구 제조업"
C27213,"물질 검사, 측정 및 분석 기구 제조업"
C27214,속도계 및 적산계기 제조업
C27215,기기용 자동 측정 및 제어장치 제조업
C27216,산업 처리공정 제어장비 제조업
C27219,"기타 측정, 시험, 항해, 제어 및 정밀 기기 제조업"
C27301,광학 렌즈 및 광학 요소 제조업
C27302,"사진기, 영사기 및 관련 장비 제조업"
C27309,기타 광학 기기 제조업
C27400,시계 및 시계 부품 제조업
C28111,전동기 및 발전기 제조업
C28112,변압기 제조업
C28113,방전 램프용 안정기 제조업
C28114,에너지 저장장치 제조업
C28119,기타 전기 변환장치 제조업
C28121,"전기회로 개폐, 보호 장치 제조업"
C28122,전기회로 접속장치 제조업
C28123,배전반 및 전기 자동제어반 제조업
C28201,일차전지 제조업
C28202,축전지 제조업
C28301,광섬유 케이블 제조업
C28302,기타 절연선 및 케이블 제조업
C28303,절연 코드세트 및 기타 도체 제조업
C28410,전구 및 램프 제조업
C28421,운송장비용 조명장치 제조업
C28422,일반용 전기 조명장치 제조업
C28423,전시 및 광고용 조명장치 제조업
C28429,기타 조명장치 제조업
C28511,주방용 전기 기기 제조업
C28512,가정용 전기 난방기기 제조업
C28519,기타 가정용 전기 기기 제조업
C28520,가정용 비전기식 조리 및 난방 기구 제조업
C28901,전기 경보 및 신호장치 제조업
C28902,전기용 탄소제품 및 절연제품 제조업
C28903,교통 신호장치 제조업
C28909,그 외 기타 전기장비 제조업
C29111,내연기관 제조업
C29119,기타 기관 및 터빈 제조업
C29120,유압 기기 제조업
C29131,액체 펌프 제조업
C29132,기체 펌프 및 압축기 제조업
C29133,"탭, 밸브 및 유사 장치 제조업"
C29141,구름베어링 제조업
C29142,기어 및 동력전달장치 제조업
C29150,"산업용 오븐, 노 및 노용 버너 제조업"
C29161,산업용 트럭 및 적재기 제조업
C29162,승강기 제조업
C29163,컨베이어 장치 제조업
C29169,기타 물품 취급장비 제조업
C29171,산업용 냉장 및 냉동장비 제조업
C29172,공기 조화장치 제조업
C29173,산업용 송풍기 및 배기장치 제조업
C29174,기체 여과기 제조업
C29175,액체 여과기 제조업
C29176,"증류기, 열 교환기 및 가스 발생기 제조업"
C29180,사무용 기계 및 장비 제조업
C29191,일반 저울 제조업
C29192,"용기 세척, 포장 및 충전기 제조업"
C29193,분사기 및 소화기 제조업
C29194,동력식 수지 공구 제조업
C29199,그 외 기타 일반 목적용 기계 제조업
C29210,농업 및 임업용 기계 제조업
C29221,전자 응용 절삭기계 제조업
C29222,디지털 적층 성형기계 제조업
C29223,금속 절삭기계 제조업
C29224,금속 성형기계 제조업
C29229,기타 가공 공작기계 제조업
C29230,금속 주조 및 기타 야금용 기계 제조업
C29241,건설 및 채광용 기계장비 제조업
C29242,광물 처리 및 취급장비 제조업
C29250,음ㆍ식료품 및 담배 가공기계 제조업
C29261,"산업용 섬유 세척, 염색, 정리 및 가공 기계 제조업"
C29269,"기타 섬유, 의복 및 가죽 가공기계 제조업"
C29271,반도체 제조용 기계 제조업
C29272,디스플레이 제조용 기계 제조업
C29280,산업용 로봇 제조업
C29291,펄프 및 종이 가공용 기계 제조업
C29292,"고무, 화학섬유 및 플라스틱 성형기 제조업"
C29293,인쇄 및 제책용 기계 제조업
C29294,주형 및 금형 제조업
C29299,그 외 기타 특수 목적용 기계 제조업
C30110,자동차용 엔진 제조업
C30121,승용차 및 기타 여객용 자동차 제조업
C30122,화물 자동차 및 특수 목적용 자동차 제조업
C30201,차체 및 특장차 제조업
C30202,자동차 구조 및 장치 변경업
C30203,트레일러 및 세미 트레일러 제조업
C30310,자동차 엔진용 신품 부품 제조업
C30320,자동차 차체용 신품 부품 제조업
C30331,자동차용 신품 동력 전달장치 제조업
C30332,자동차용 신품 전기장치 제조업
C30391,자동차용 신품 조향장치 및 현가장치 제조업
C30392,자동차용 신품 제동장치 제조업
C30393,자동차용 신품 의자 제조업
C30399,그 외 자동차용 신품 부품 제조업
C30400,자동차 재제조 부품 제조업
C31111,강선 건조업
C31112,합성수지선 건조업
C31113,기타 선박 건조업
C31114,선박 구성 부분품 제조업
C31120,오락 및 스포츠용 보트 건조업
C31201,기관차 및 기타 철도 차량 제조업
C31202,철도 차량 부품 및 관련 장치물 제조업
C31311,"유인 항공기, 항공 우주선 및 보조장치 제조업"
C31312,무인 항공기 및 무인 비행장치 제조업
C31321,항공기용 엔진 제조업
C31322,항공기용 부품 제조업
C31910,전투용 차량 제조업
C31920,모터사이클 제조업
C31991,자전거 및 환자용 차량 제조업
C31999,그 외 기타 달리 분류되지 않은 운송장비 제조업
C32011,매트리스 및 침대 제조업
C32019,소파 및 기타 내장 가구 제조업
C32021,주방용 및 음식점용 목재 가구 제조업
C32029,기타 목재 가구 제조업
C32091,금속 가구 제조업
C32099,그 외 기타 가구 제조업
C33110,귀금속 및 관련제품 제조업
C33120,모조 귀금속 및 모조 장신용품 제조업
C33201,건반 악기 제조업
C33202,전자 악기 제조업
C33209,기타 악기 제조업
C33301,"체조, 육상 및 체력 단련용 장비 제조업"
C33302,놀이터용 장비 제조업
C33303,낚시 및 수렵용구 제조업
C33309,기타 운동 및 경기용구 제조업
C33401,인형 및 장난감 제조업
C33402,영상게임기 제조업
C33409,기타 오락용품 제조업
C33910,간판 및 광고물 제조업
C33920,사무 및 회화용품 제조업
C33931,가발 및 유사 제품 제조업
C33932,전시용 모형 제조업
C33933,표구 처리업
C33991,단추 및 유사 파스너 제조업
C33992,"라이터, 연소물 및 흡연용품 제조업"
C33993,비 및 솔 제조업
C33999,그 외 기타 달리 분류되지 않은 제품 제조업
C34011,건설ㆍ광업용 기계 및 장비 수리업
C34019,기타 일반 기계 및 장비 수리업
C34020,전기ㆍ전자 및 정밀 기기 수리업
D35111,원자력 발전업
D35112,수력 발전업
D35113,화력 발전업
D35114,태양력 발전업
D35119,기타 발전업
D35120,송전 및 배전업
D35130,전기 판매업
D35200,연료용 가스 제조 및 배관공급업
D35300,"증기, 냉ㆍ온수 및 공기 조절 공급업"
E36010,생활용수 공급업
E36020,산업용수 공급업
E37011,하수 처리업
E37012,폐수 처리업
E37021,사람 분뇨 처리업
E37022,축산 분뇨 처리업
E38110,"지정 외 폐기물 수집, 운반업"
E38120,"지정 폐기물 수집, 운반업"
E38130,"건설 폐기물 수집, 운반업"
E38210,지정 외 폐기물 처리업
E38220,지정 폐기물 처리업
E38230,건설 폐기물 처리업
E38240,"방사성 폐기물 수집, 운반 및 처리업"
E38311,금속류 해체 및 선별업
E38312,금속류 원료 재생업
E38321,비금속류 해체 및 선별업
E38322,비금속류 원료 재생업
E39001,토양 및 지하수 정화업
E39009,기타 환경 정화 및 복원업
F41111,단독 주택 건설업
F41112,아파트 건설업
F41119,기타 공동 주택 건설업
F41121,사무ㆍ상업용 및 공공기관용 건물 건설업
F41122,제조업 및 유사 산업용 건물 건설업
F41129,기타 비주거용 건물 건설업
F41210,지반조성 건설업
F41221,도로 건설업
F41222,"교량, 터널 및 철도 건설업"
F41223,"항만, 수로, 댐 및 유사 구조물 건설업"
F41224,환경설비 건설업
F41225,산업 생산시설 종합 건설업
F41226,조경 건설업
F41229,기타 토목 시설물 건설업
F42110,건물 및 구축물 해체 공사업
F42121,토공사업
F42122,"보링, 그라우팅 및 관정 공사업"
F42123,파일공사 및 축조관련 기초 공사업
F42129,기타 기반조성 관련 전문공사업
F42131,철골 및 관련 구조물 공사업
F42132,콘크리트 및 철근 공사업
F42133,조적 및 석공사업
F42134,포장 공사업
F42135,철도 궤도 전문공사업
F42136,수중 공사업
F42137,비계 및 형틀 공사업
F42138,"지붕, 내ㆍ외벽 축조 관련 전문공사업"
F42139,기타 옥외 시설물 축조관련 전문공사업
F42201,배관 및 냉ㆍ난방 공사업
F42202,건물용 기계ㆍ장비 설치 공사업
F42203,"방음, 방진 및 내화 공사업"
F42204,소방시설 공사업
F42209,기타 건물 관련설비 설치 공사업
F42311,일반 전기 공사업
F42312,내부 전기배선 공사업
F42321,일반 통신 공사업
F42322,내부 통신배선 공사업
F42411,도장 공사업
F42412,"도배, 실내 장식 및 내장 목공사업"
F42420,유리 및 창호 공사업
F42491,"미장, 타일 및 방수 공사업"
F42492,건물용 금속 공작물 설치 공사업
F42499,그 외 기타 건축 마무리 공사업
F42500,시설물 유지관리 공사업
F42600,건설장비 운영업
G45110,자동차 신품 판매업
G45120,중고 자동차 판매업
G45211,자동차 신품 타이어 및 튜브 판매업
G45212,자동차용 전용 신품 부품 판매업
G45213,자동차 내장용 신품 전기ㆍ전자ㆍ정밀기기 판매업
G45219,기타 자동차 신품 부품 및 내장품 판매업
G45220,자동차 중고 부품 및 내장품 판매업
G45301,모터사이클 및 부품 도매업
G45302,모터사이클 및 부품 소매업
G46101,"산업용 농ㆍ축산물, 섬유 원료 및 동물 중개업"
G46102,음ㆍ식료품 및 담배 중개업
G46103,"섬유, 의복, 신발 및 가죽제품 중개업"
G46104,목재 및 건축자재 중개업
G46105,"연료, 광물, 1차 금속, 비료 및 화학제품 중개업"
G46106,기계 및 장비 중개업
G46107,그 외 기타 특정 상품 중개업
G46109,상품 종합 중개업
G46201,곡물 및 유지작물 도매업
G46202,종자 및 묘목 도매업
G46203,사료 도매업
G46204,화훼류 및 식물 도매업
G46205,육지 동물 및 애완 동물 도매업
G46209,기타 산업용 농산물 도매업
G46311,과실류 도매업
G46312,"채소류, 서류 및 향신작물류 도매업"
G46313,육류 도매업
G46314,건어물 및 젓갈류 도매업
G46315,"신선, 냉동 및 기타 수산물 도매업"
G46319,기타 신선 식품 및 단순 가공 식품 도매업
G46321,육류 가공식품 도매업
G46322,수산물 가공식품 도매업
G46323,"빵류, 과자류, 당류, 초콜릿 도매업"
G46324,낙농품 및 동ㆍ식물성 유지 도매업
G46325,커피 및 차류 도매업
G46326,조미료 도매업
G46329,기타 가공식품 도매업
G46331,주류 도매업
G46332,비알코올 음료 도매업
G46333,담배 도매업
G46411,생활용 섬유 및 실 도매업
G46412,커튼 및 침구용품 도매업
G46413,남녀용 겉옷 및 셔츠 도매업
G46414,유아용 의류 도매업
G46415,속옷 및 잠옷 도매업
G46416,가죽 및 모피 제품 도매업
G46417,의복 액세서리 및 모조 장신구 도매업
G46419,기타 생활용 섬유 및 직물 제품 도매업
G46420,신발 도매업
G46431,생활용 가구 도매업
G46432,"전구, 램프 및 조명장치 도매업"
G46433,생활용 유리ㆍ요업ㆍ목재ㆍ금속 제품 및 날붙이 도매업
G46439,기타 비전기식 생활용 기기 및 기구 도매업
G46441,의약품 도매업
G46442,의료용품 도매업
G46443,화장품 및 화장용품 도매업
G46444,비누 및 세정제 도매업
G46451,"생활용 포장 및 위생용품, 봉투 및 유사 제품 도매업"
G46452,"문구용품, 회화용품, 사무용품 도매업"
G46453,"서적, 잡지 및 기타 인쇄물 도매업"
G46461,음반 및 비디오물 도매업
G46462,악기 도매업
G46463,"장난감 및 취미, 오락용품 도매업"
G46464,운동 및 경기용품 도매업
G46465,자전거 및 기타 운송장비 도매업
G46491,가방 및 보호용 케이스 도매업
G46492,시계 및 귀금속 제품 도매업
G46493,"안경, 사진장비 및 광학용품 도매업"
G46499,그 외 기타 생활용품 도매업
G46510,"컴퓨터 및 주변장치, 소프트웨어 도매업"
G46521,가전제품 및 부품 도매업
G46522,통신ㆍ방송장비 및 부품 도매업
G46531,농림업용 기계 및 장비 도매업
G46532,건설ㆍ광업용 기계 및 장비 도매업
G46533,공작용 기계 및 장비 도매업
G46539,기타 산업용 기계 및 장비 도매업
G46591,사무용 가구 및 기기 도매업
G46592,의료 기기 도매업
G46593,정밀 기기 및 과학 기기 도매업
G46594,수송용 운송장비 도매업
G46595,전기용 기계ㆍ장비 및 관련 기자재 도매업
G46596,전지 및 케이블 도매업
G46599,그 외 기타 기계 및 장비 도매업
G46611,원목 및 건축관련 목제품 도매업
G46612,"골재, 벽돌 및 시멘트 도매업"
G46613,유리 및 창호 도매업
G46621,배관 및 냉ㆍ난방장치 도매업
G46622,"철물, 금속 파스너 및 수공구 도매업"
G46691,도료 도매업
G46692,벽지 및 장판류 도매업
G46699,그 외 기타 건축자재 도매업
G46711,고체 연료 및 관련제품 도매업
G46712,액체 연료 및 관련제품 도매업
G46713,기체 연료 및 관련제품 도매업
G46721,1차 금속제품 도매업
G46722,금속광물 도매업
G46731,"염료, 안료 및 관련제품 도매업"
G46732,비료 및 농약 도매업
G46733,플라스틱 물질 및 합성고무 도매업
G46739,기타 화학 물질 및 화학제품 도매업
G46741,방직용 섬유 및 실 도매업
G46742,직물 도매업
G46750,"종이 원지, 판지, 종이상자 도매업"
G46791,재생용 재료 수집 및 판매업
G46799,그 외 기타 상품 전문 도매업
G46800,상품 종합 도매업
G47111,백화점
G47112,대형 마트
G47119,기타 대형 종합 소매업
G47121,슈퍼마켓
G47122,체인화 편의점
G47129,기타 음ㆍ식료품 위주 종합 소매업
G47130,면세점
G47190,그 외 기타 종합 소매업
G47211,"곡물, 곡분 및 가축 사료 소매업"
G47212,육류 소매업
G47213,건어물 및 젓갈류 소매업
G47214,"신선, 냉동 및 기타 수산물 소매업"
G47215,"채소, 과실 및 뿌리작물 소매업"
G47216,"빵류, 과자류 및 당류 소매업"
G47217,건강 보조식품 소매업
G47218,조리 반찬류 소매업
G47219,기타 식료품 소매업
G47221,음료 소매업
G47222,담배 소매업
G47311,"컴퓨터 및 주변장치, 소프트웨어 소매업"
G47312,통신기기 소매업
G47320,가전제품 소매업
G47411,남자용 겉옷 소매업
G47412,여자용 겉옷 소매업
G47413,속옷 및 잠옷 소매업
G47414,셔츠 및 블라우스 소매업
G47415,한복 소매업
G47416,가죽 및 모피 의복 소매업
G47417,유아용 의류 소매업
G47419,기타 의복 소매업
G47421,가정용 직물제품 소매업
G47422,의복 액세서리 및 모조 장신구 소매업
G47429,"섬유 원단, 실 및 기타 섬유제품 소매업"
G47430,신발 소매업
G47440,가방 및 기타 가죽제품 소매업
G47511,철물 및 난방용구 소매업
G47512,공구 소매업
G47513,"벽지, 마루덮개 및 장판류 소매업"
G47519,"페인트, 창호 및 기타 건설자재 소매업"
G47520,가구 소매업
G47591,전기용품 및 조명장치 소매업
G47592,"주방용품 및 가정용 유리, 요업제품 소매업"
G47593,악기 소매업
G47599,그 외 기타 분류 안된 가정용품 소매업
G47611,"서적, 신문 및 잡지류 소매업"
G47612,문구용품 및 회화용품 소매업
G47620,음반 및 비디오물 소매업
G47631,운동 및 경기용품 소매업
G47632,자전거 및 기타 운송장비 소매업
G47640,"게임용구, 인형 및 장난감 소매업"
G47711,운송장비용 주유소 운영업
G47712,운송장비용 가스 충전업
G47721,가정용 고체 연료 소매업
G47722,가정용 액체 연료 소매업
G47723,가정용 가스 연료 소매업
G47811,의약품 및 의료용품 소매업
G47812,의료용 기구 소매업
G47813,"화장품, 비누 및 방향제 소매업"
G47821,사무용 기기 소매업
G47822,안경 및 렌즈 소매업
G47823,사진기 및 사진용품 소매업
G47829,기타 광학 및 정밀 기기 소매업
G47830,시계 및 귀금속 소매업
G47841,예술품 및 골동품 소매업
G47842,"기념품, 관광 민예품 및 장식용품 소매업"
G47851,화초 및 식물 소매업
G47852,애완용 동물 및 관련용품 소매업
G47859,그 외 기타 분류 안된 상품 전문 소매업
G47861,중고 가구 소매업
G47862,중고 가전제품 및 통신장비 소매업
G47869,기타 중고 상품 소매업
G47911,전자상거래 소매 중개업
G47912,전자상거래 소매업
G47919,기타 통신 판매업
G47920,노점 및 유사 이동 소매업
G47991,자동 판매기 운영업
G47992,계약배달 판매업
G47993,방문 판매업
G47999,그 외 기타 무점포 소매업
H49101,철도 여객 운송업
H49102,철도 화물 운송업
H49211,도시철도 운송업
H49212,시내버스 운송업
H49219,기타 도시 정기 육상 여객 운송업
H49220,시외버스 운송업
H49231,택시 운송업
H49232,전세버스 운송업
H49233,특수 여객 자동차 운송업
H49239,기타 부정기 여객 육상 운송업
H49301,일반 화물 자동차 운송업
H49302,용달 화물 자동차 운송업
H49303,개별 화물 자동차 운송업
H49309,기타 도로 화물 운송업
H49401,택배업
H49402,늘찬 배달업
H49500,파이프라인 운송업
H50111,외항 여객 운송업
H50112,외항 화물 운송업
H50121,내항 여객 운송업
H50122,내항 화물 운송업
H50130,기타 해상 운송업
H50201,내륙 수상 여객 및 화물 운송업
H50202,항만 내 여객 운송업
H50209,기타 내륙 수상 운송업
H51100,항공 여객 운송업
H51200,항공 화물 운송업
H52101,일반 창고업
H52102,냉장 및 냉동 창고업
H52103,농산물 창고업
H52104,위험 물품 보관업
H52109,기타 보관 및 창고업
H52911,철도 운송 지원 서비스업
H52912,여객 자동차 터미널 운영업
H52913,물류 터미널 운영업
H52914,도로 및 관련시설 운영업
H52915,주차장 운영업
H52919,기타 육상 운송지원 서비스업
H52921,항구 및 기타 해상 터미널 운영업
H52929,기타 수상 운송 지원 서비스업
H52931,공항 운영업
H52939,기타 항공 운송지원 서비스업
H52941,항공 및 육상 화물 취급업
H52942,수상 화물 취급업
H52991,통관 대리 및 관련서비스업
H52992,"화물 운송 중개, 대리 및 관련 서비스업"
H52993,"화물 포장, 검수 및 계량 서비스업"
H52999,그 외 기타 분류 안된 운송관련 서비스업
I55101,호텔업
I55102,여관업
I55103,휴양 콘도 운영업
I55104,민박업
I55109,기타 일반 및 생활 숙박시설 운영업
I55901,기숙사 및 고시원 운영업
I55909,그 외 기타 숙박업
I56111,한식 일반 음식점업
I56112,한식 면 요리 전문점
I56113,한식 육류 요리 전문점
I56114,한식 해산물 요리 전문점
I56121,중식 음식점업
I56122,일식 음식점업
I56123,서양식 음식점업
I56129,기타 외국식 음식점업
I56130,기관 구내식당업
I56141,출장 음식 서비스업
I56142,이동 음식점업
I56191,제과점업
I56192,"피자, 햄버거, 샌드위치 및 유사 음식점업"
I56193,치킨 전문점
I56194,김밥 및 기타 간이 음식점업
I56199,간이 음식 포장 판매 전문점
I56211,일반 유흥 주점업
I56212,무도 유흥 주점업
I56213,생맥주 전문점
I56219,기타 주점업
I56221,커피 전문점
I56229,기타 비알코올 음료점업
J58111,교과서 및 학습 서적 출판업
J58112,만화 출판업
J58113,일반 서적 출판업
J58121,신문 발행업
J58122,잡지 및 정기 간행물 발행업
J58123,정기 광고 간행물 발행업
J58190,기타 인쇄물 출판업
J58211,유선 온라인 게임 소프트웨어 개발 및 공급업
J58212,모바일 게임 소프트웨어 개발 및 공급업
J58219,기타 게임 소프트웨어 개발 및 공급업
J58221,시스템 소프트웨어 개발 및 공급업
J58222,응용 소프트웨어 개발 및 공급업
J59111,일반 영화 및 비디오물 제작업
J59112,애니메이션 영화 및 비디오물 제작업
J59113,광고 영화 및 비디오물 제작업
J59114,방송 프로그램 제작업
J59120,"영화, 비디오물 및 방송 프로그램 제작 관련 서비스업"
J59130,"영화, 비디오물 및 방송 프로그램 배급업"
J59141,영화관 운영업
J59142,비디오물 감상실 운영업
J59201,음악 및 기타 오디오물 출판업
J59202,녹음시설 운영업
J60100,라디오 방송업
J60210,지상파 방송업
J60221,프로그램 공급업
J60222,유선 방송업
J60229,위성 및 기타 방송업
J61100,공영 우편업
J61210,유선 통신업
J61220,무선 및 위성 통신업
J61291,통신 재판매업
J61299,그 외 기타 전기 통신업
J62010,컴퓨터 프로그래밍 서비스업
J62021,컴퓨터 시스템 통합 자문 및 구축 서비스업
J62022,컴퓨터시설 관리업
J62090,기타 정보 기술 및 컴퓨터 운영 관련 서비스업
J63111,자료 처리업
J63112,호스팅 및 관련 서비스업
J63120,포털 및 기타 인터넷 정보 매개 서비스업
J63910,뉴스 제공업
J63991,데이터베이스 및 온라인 정보 제공업
J63999,그 외 기타 정보 서비스업
K64110,중앙은행
K64121,국내은행
K64122,외국은행
K64131,신용조합
K64132,상호 저축은행 및 기타 저축기관
K64201,신탁업 및 집합 투자업
K64209,기타 금융 투자업
K64911,금융 리스업
K64912,개발 금융기관
K64913,신용카드 및 할부 금융업
K64919,그 외 기타 여신 금융업
K64991,기금 운영업
K64992,지주회사
K64999,그 외 기타 분류 안된 금융업
K65110,생명보험업
K65121,손해보험업
K65122,보증보험업
K65131,건강보험업
K65139,산업 재해 및 기타 사회보장보험업
K65200,재보험업
K65301,개인 공제업
K65302,사업 공제업
K65303,연금업
K66110,금융시장 관리업
K66121,증권 중개업
K66122,선물 중개업
K66191,"증권 발행, 관리, 보관 및 거래 지원 서비스업"
K66192,투자 자문업 및 투자 일임업
K66199,그 외 기타 금융 지원 서비스업
K66201,손해 사정업
K66202,보험 대리 및 중개업
K66209,기타 보험 및 연금관련 서비스업
L68111,주거용 건물 임대업
L68112,비주거용 건물 임대업
L68119,기타 부동산 임대업
L68121,주거용 건물 개발 및 공급업
L68122,비주거용 건물 개발 및 공급업
L68129,기타 부동산 개발 및 공급업
L68211,주거용 부동산 관리업
L68212,비주거용 부동산 관리업
L68221,부동산 중개 및 대리업
L68222,부동산 투자 자문업
L68223,부동산 감정 평가업
M70111,"물리, 화학 및 생물학 연구개발업"
M70112,농림수산학 및 수의학 연구개발업
M70113,의학 및 약학 연구개발업
M70119,기타 자연과학 연구개발업
M70121,전기ㆍ전자공학 연구개발업
M70129,기타 공학 연구개발업
M70130,자연과학 및 공학 융합 연구개발업
M70201,경제 및 경영학 연구개발업
M70209,기타 인문 및 사회과학 연구개발업
M71101,변호사업
M71102,변리사업
M71103,법무사업
M71109,기타 법무관련 서비스업
M71201,공인회계사업
M71202,세무사업
M71209,기타 회계 관련 서비스업
M71310,광고 대행업
M71391,옥외 및 전시 광고업
M71392,광고 매체 판매업
M71393,"광고물 문안, 도안, 설계 등 작성업"
M71399,그 외 기타 광고 관련 서비스업
M71400,시장 조사 및 여론 조사업
M71511,제조업 회사 본부
M71519,기타 산업 회사본부
M71531,경영 컨설팅업
M71532,공공관계 서비스업
M71600,기타 전문 서비스업
M72111,건축 설계 및 관련 서비스업
M72112,도시 계획 및 조경 설계 서비스업
M72121,건물 및 토목 엔지니어링 서비스업
M72122,환경 관련 엔지니어링 서비스업
M72129,기타 엔지니어링 서비스업
M72911,물질 성분 검사 및 분석업
M72919,"기타 기술 시험, 검사 및 분석업"
M72921,측량업
M72922,제도업
M72923,지질 조사 및 탐사업
M72924,지도 제작업
M73100,수의업
M73201,인테리어 디자인업
M73202,제품 디자인업
M73203,시각 디자인업
M73209,"패션, 섬유류 및 기타 전문 디자인업"
M73301,인물 사진 및 행사용 영상 촬영업
M73302,상업용 사진 촬영업
M73303,사진 처리업
M73901,매니저업
M73902,번역 및 통역 서비스업
M73903,사업 및 무형 재산권 중개업
M73904,"물품 감정, 계량 및 견본 추출업"
M73909,"그 외 기타 분류 안된 전문, 과학 및 기술 서비스업"
N74100,사업시설 유지ㆍ관리 서비스업
N74211,건축물 일반 청소업
N74212,"산업설비, 운송장비 및 공공장소 청소업"
N74220,"소독, 구충 및 방제 서비스업"
N74300,조경관리 및 유지 서비스업
N75110,고용 알선업
N75121,임시 및 일용 인력 공급업
N75122,상용 인력 공급 및 인사관리 서비스업
N75210,여행사업
N75290,기타 여행 보조 및 예약 서비스업
N75310,경비 및 경호 서비스업
N75320,보안 시스템 서비스업
N75330,탐정 및 조사 서비스업
N75911,문서 작성업
N75912,복사업
N75919,기타 사무 지원 서비스업
N75991,콜센터 및 텔레마케팅 서비스업
N75992,"전시, 컨벤션 및 행사 대행업"
N75993,신용 조사 및 추심 대행업
N75994,포장 및 충전업
N75999,그 외 기타 분류 안된 사업 지원 서비스업
N76110,자동차 임대업
N76190,기타 운송장비 임대업
N76210,스포츠 및 레크리에이션 용품 임대업
N76220,음반 및 비디오물 임대업
N76291,서적 임대업
N76292,의류 임대업
N76299,그 외 기타 개인 및 가정용품 임대업
N76310,건설 및 토목공사용 기계ㆍ장비 임대업
N76320,컴퓨터 및 사무용 기계ㆍ장비 임대업
N76390,기타 산업용 기계 및 장비 임대업
N76400,무형 재산권 임대업
O84111,입법기관
O84112,중앙 최고 집행기관
O84113,지방행정 집행기관
O84114,재정 및 경제정책 행정
O84119,기타 일반 공공 행정
O84120,정부기관 일반 보조 행정
O84211,교육 행정
O84212,문화 및 관광 행정
O84213,환경 행정
O84214,보건 및 복지 행정
O84219,기타 사회서비스 관리 행정
O84221,노동 행정
O84222,농림수산 행정
O84223,건설 및 운송 행정
O84224,우편 및 통신 행정
O84229,기타 산업 진흥 행정
O84310,외무 행정
O84320,국방 행정
O84401,법원
O84402,검찰
O84403,교도기관
O84404,경찰
O84405,소방서
O84409,기타 사법 및 공공 질서 행정
O84500,사회보장 행정
P85110,유아 교육기관
P85120,초등학교
P85211,중학교
P85212,일반 고등학교
P85221,상업 및 정보산업 특성화 고등학교
P85222,공업 특성화 고등학교
P85229,기타 특성화 고등학교
P85301,전문대학
P85302,대학교
P85303,대학원
P85410,특수학교
P85420,외국인학교
P85430,대안학교
P85501,일반 교과학원
P85502,방문 교육학원
P85503,온라인 교육학원
P85611,태권도 및 무술 교육기관
P85612,기타 스포츠 교육기관
P85613,레크리에이션 교육기관
P85614,청소년 수련시설 운영업
P85621,음악학원
P85622,미술학원
P85629,기타 예술학원
P85631,외국어학원
P85632,기타 교습학원
P85640,사회교육시설
P85650,직원 훈련기관
P85661,운전학원
P85669,기타 기술 및 직업 훈련학원
P85691,컴퓨터 학원
P85699,그 외 기타 분류 안된 교육기관
P85701,교육관련 자문 및 평가업
P85709,기타 교육지원 서비스업
Q86101,종합병원
Q86102,일반병원
Q86103,치과병원
Q86104,한방병원
Q86105,요양병원
Q86201,일반의원
Q86202,치과의원
Q86203,한의원
Q86204,방사선 진단 및 병리 검사 의원
Q86300,공중 보건 의료업
Q86901,앰뷸런스 서비스업
Q86902,유사 의료업
Q86909,그 외 기타 보건업
Q87111,노인 요양 복지시설 운영업
Q87112,노인 양로 복지시설 운영업
Q87121,신체 부자유자 거주 복지시설 운영업
Q87122,"정신 질환, 정신 지체 및 약물 중독자 거주 복지시설 운영업"
Q87131,아동 및 부녀자 거주 복지시설 운영업
Q87139,그 외 기타 거주 복지시설 운영업
Q87210,보육시설 운영업
Q87291,직업 재활원 운영업
Q87292,종합복지관 운영업
Q87293,방문 복지서비스 제공업
Q87294,사회복지 상담 서비스 제공업
Q87299,그 외 기타 비거주 복지 서비스업
R90110,공연시설 운영업
R90121,연극단체
R90122,무용 및 음악단체
R90123,기타 공연단체
R90131,공연 예술가
R90132,비공연 예술가
R90191,공연 기획업
R90192,공연 및 제작관련 대리업
R90199,그 외 기타 창작 및 예술관련 서비스업
R90211,도서관 및 기록 보존소 운영업
R90212,독서실 운영업
R90221,박물관 운영업
R90222,사적지 관리 운영업
R90231,식물원 및 동물원 운영업
R90232,자연공원 운영업
R90290,기타 유사 여가관련 서비스업
R91111,실내 경기장 운영업
R91112,실외 경기장 운영업
R91113,경주장 및 동물 경기장 운영업
R91121,골프장 운영업
R91122,스키장 운영업
R91131,종합 스포츠시설 운영업
R91132,체력 단련시설 운영업
R91133,수영장 운영업
R91134,볼링장 운영업
R91135,당구장 운영업
R91136,골프 연습장 운영업
R91139,그 외 기타 스포츠시설 운영업
R91191,스포츠 클럽 운영업
R91199,그 외 기타 스포츠 서비스업
R91210,유원지 및 테마파크 운영업
R91221,전자 게임장 운영업
R91222,컴퓨터 게임방 운영업
R91223,노래 연습장 운영업
R91229,기타 오락장 운영업
R91231,낚시장 운영업
R91239,기타 수상오락 서비스업
R91241,복권 발행 및 판매업
R91249,기타 사행시설 관리 및 운영업
R91291,무도장 운영업
R91292,체육 공원 및 유사 공원 운영업
R91293,기원 운영업
R91299,그 외 기타 분류 안된 오락관련 서비스업
S94110,산업 단체
S94120,전문가 단체
S94200,노동조합
S94911,불교 단체
S94912,기독교 단체
S94913,천주교 단체
S94914,민족 종교 단체
S94919,기타 종교 단체
S94920,정치 단체
S94931,환경운동 단체
S94939,기타 시민운동 단체
S94990,그 외 기타 협회 및 단체
S95110,컴퓨터 및 주변 기기 수리업
S95120,통신장비 수리업
S95211,자동차 종합 수리업
S95212,자동차 전문 수리업
S95213,자동차 세차업
S95220,모터사이클 수리업
S95310,가전제품 수리업
S95391,의복 및 기타 가정용 직물제품 수리업
S95392,"가죽, 가방 및 신발 수리업"
S95393,"시계, 귀금속 및 악기 수리업"
S95399,그 외 기타 개인 및 가정용품 수리업
S96111,이용업
S96112,두발 미용업
S96113,피부 미용업
S96119,기타 미용업
S96121,욕탕업
S96122,마사지업
S96129,체형 등 기타 신체 관리 서비스업
S96911,산업용 세탁업
S96912,가정용 세탁업
S96913,세탁물 공급업
S96921,장례식장 및 장의관련 서비스업
S96922,"화장터 운영, 묘지 분양 및 관리업"
S96991,예식장업
S96992,점술 및 유사 서비스업
S96993,개인 간병 및 유사 서비스업
S96994,결혼 상담 및 준비 서비스업
S96995,애완 동물 장묘 및 보호 서비스업
S96999,그 외 기타 달리 분류되지 않은 개인 서비스업
T97000,가구 내 고용활동
T98100,자가 소비를 위한 가사 생산 활동
T98200,자가 소비를 위한 가사 서비스 활동
U99001,주한 외국 공관
U99009,기타 국제 및 외국기관
A0111,곡물 및 기타 식량작물 재배업
A0112,"채소, 화훼작물 및 종묘 재배업"
A0113,"과실, 음료용 및 향신용 작물 재배업"
A0114,기타 작물 재배업
A0115,시설작물 재배업
A0121,소 사육업
A0122,양돈업
A0123,가금류 및 조류 사육업
A0129,기타 축산업
A0130,작물재배 및 축산 복합농업
A0141,작물재배 관련 서비스업
A0142,축산 관련 서비스업
A0150,수렵 및 관련 서비스업
A0201,영림업
A0202,벌목업
A0203,임산물 채취업
A0204,임업 관련 서비스업
A0311,해수면 어업
A0312,내수면 어업
A0321,양식 어업
A0322,어업 관련 서비스업
B0510,석탄 광업
B0520,원유 및 천연가스 채굴업
B0610,철 광업
B0620,비철금속 광업
B0711,석회석 및 점토 광업
B0712,"석재, 쇄석 및 모래, 자갈 채취업"
B0721,화학용 및 비료 원료용 광물 광업
B0722,천일염 생산 및 암염 채취업
B0729,그 외 기타 비금속광물 광업
B0800,광업 지원 서비스업
C1011,도축업
C1012,육류 가공 및 저장 처리업
C1021,수산동물 가공 및 저장 처리업
C1022,수산식물 가공 및 저장 처리업
C1030,"과실, 채소 가공 및 저장 처리업"
C1040,동물성 및 식물성 유지 제조업
C1050,낙농제품 및 식용 빙과류 제조업
C1061,곡물 가공품 제조업
C1062,전분제품 및 당류 제조업
C1071,"떡, 빵 및 과자류 제조업"
C1072,설탕 제조업
C1073,"면류, 마카로니 및 유사 식품 제조업"
C1074,조미료 및 식품 첨가물 제조업
C1075,도시락 및 식사용 조리식품 제조업
C1079,기타 식료품 제조업
C1080,동물용 사료 및 조제식품 제조업
C1111,발효주 제조업
C1112,증류주 및 합성주 제조업
C1120,비알코올 음료 및 얼음 제조업
C1200,담배 제조업
C1310,방적 및 가공사 제조업
C1321,직물 직조업
C1322,직물제품 제조업
C1330,편조 원단 제조업
C1340,"섬유제품 염색, 정리 및 마무리 가공업"
C1391,"카펫, 마루덮개 및 유사 제품 제조업"
C1392,"끈, 로프, 망 및 끈 가공품 제조업"
C1399,그 외 기타 섬유제품 제조업
C1411,겉옷 제조업
C1412,속옷 및 잠옷 제조업
C1413,한복 제조업
C1419,기타 봉제의복 제조업
C1420,모피제품 제조업
C1430,편조의복 제조업
C1441,편조 의복 액세서리 제조업
C1449,기타 의복 액세서리 제조업
C1511,모피 및 가죽 제조업
C1512,"핸드백, 가방 및 기타 보호용 케이스 제조업"
C1519,기타 가죽제품 제조업
C1521,신발 제조업
C1522,신발 부분품 제조업
C1610,제재 및 목재 가공업
C1621,"박판, 합판 및 강화 목제품 제조업"
C1622,건축용 나무제품 제조업
C1623,"목재 상자, 드럼 및 적재판 제조업"
C1629,기타 나무제품 제조업
C1630,코르크 및 조물 제품 제조업
C1711,펄프 제조업
C1712,종이 및 판지 제조업
C1721,골판지 및 골판지 가공제품 제조업
C1722,"종이 포대, 판지 상자 및 종이 용기 제조업"
C1790,기타 종이 및 판지 제품 제조업
C1811,인쇄업
C1812,인쇄관련 산업
C1820,기록매체 복제업
C1910,코크스 및 연탄 제조업
C1921,원유 정제처리업
C1922,석유 정제물 재처리업
C2011,기초 유기화학 물질 제조업
C2012,기초 무기화학 물질 제조업
C2013,"무기 안료, 염료, 유연제 및 기타 착색제 제조업"
C2020,합성고무 및 플라스틱 물질 제조업
C2031,비료 및 질소 화합물 제조업
C2032,살균ㆍ살충제 및 농약 제조업
C2041,"잉크, 페인트, 코팅제 및 유사제품 제조업"
C2042,"세제, 화장품 및 광택제 제조업"
C2049,그 외 기타 화학제품 제조업
C2050,화학섬유 제조업
C2110,기초 의약 물질 및 생물학적 제제 제조업
C2121,완제 의약품 제조업
C2122,한의약품 제조업
C2123,동물용 의약품 제조업
C2130,의료용품 및 기타 의약 관련제품 제조업
C2211,고무 타이어 및 튜브 생산업
C2219,기타 고무제품 제조업
C2221,1차 플라스틱제품 제조업
C2222,건축용 플라스틱제품 제조업
C2223,포장용 플라스틱제품 제조업
C2224,기계장비 조립용 플라스틱제품 제조업
C2225,플라스틱 발포 성형제품 제조업
C2229,기타 플라스틱 제품 제조업
C2311,판유리 및 판유리 가공품 제조업
C2312,산업용 유리 제조업
C2319,기타 유리제품 제조업
C2321,내화 요업제품 제조업
C2322,비내화 일반 도자기 제조업
C2323,건축용 비내화 요업제품 제조업
C2331,"시멘트, 석회 및 플라스터 제조업"
C2332,"콘크리트, 레미콘 및 기타 시멘트, 플라스터 제품 제조업"
C2391,석제품 제조업
C2399,그 외 기타 비금속 광물제품 제조업
C2411,"제철, 제강 및 합금철 제조업"
C2412,"철강 압연, 압출 및 연신제품 제조업"
C2413,철강관 제조업
C2419,기타 1차 철강 제조업
C2421,"비철금속 제련, 정련 및 합금 제조업"
C2422,"비철금속 압연, 압출 및 연신제품 제조업"
C2429,기타 1차 비철금속 제조업
C2431,철강 주조업
C2432,비철금속 주조업
C2511,구조용 금속제품 제조업
C2512,"산업용 난방 보일러, 금속탱크 및 유사 용기 제조업"
C2513,핵반응기 및 증기보일러 제조업
C2520,무기 및 총포탄 제조업
C2591,"금속 단조, 압형 및 분말 야금제품 제조업"
C2592,"금속 열처리, 도금 및 기타 금속 가공업"
C2593,"날붙이, 수공구 및 일반 철물 제조업"
C2594,"금속 파스너, 스프링 및 금속선 가공제품 제조업"
C2599,그 외 기타 금속 가공제품 제조업
C2611,전자집적회로 제조업
C2612,"다이오드, 트랜지스터 및 유사 반도체 소자 제조업"
C2621,표시장치 제조업
C2622,인쇄회로기판 및 전자부품 실장기판 제조업
C2629,기타 전자 부품 제조업
C2631,컴퓨터 제조업
C2632,기억 장치 및 주변 기기 제조업
C2641,유선 통신장비 제조업
C2642,방송 및 무선 통신장비 제조업
C2651,"텔레비전, 비디오 및 기타 영상 기기 제조업"
C2652,"오디오, 스피커 및 기타 음향 기기 제조업"
C2660,마그네틱 및 광학 매체 제조업
C2711,방사선 장치 및 전기식 진단 기기 제조업
C2719,기타 의료용 기기 제조업
C2721,"측정, 시험, 항해, 제어 및 기타 정밀 기기 제조업"
C2730,사진장비 및 광학기기 제조업
C2740,시계 및 시계 부품 제조업
C2811,"전동기, 발전기 및 전기 변환장치 제조업"
C2812,전기 공급 및 제어장치 제조업
C2820,일차전지 및 축전지 제조업
C2830,절연선 및 케이블 제조업
C2841,전구 및 램프 제조업
C2842,조명장치 제조업
C2851,가정용 전기 기기 제조업
C2852,가정용 비전기식 조리 및 난방 기구 제조업
C2890,기타 전기장비 제조업
C2911,내연기관 및 터빈 제조업; 항공기용 및 차량용 제외
C2912,유압 기기 제조업
C2913,"펌프 및 압축기 제조업; 탭, 밸브 및 유사 장치 제조 포함"
C2914,"베어링, 기어 및 동력 전달장치 제조업"
C2915,"산업용 오븐, 노 및 노용 버너 제조업"
C2916,"산업용 트럭, 승강기 및 물품 취급장비 제조업"
C2917,"냉각, 공기 조화, 여과, 증류 및 가스 발생기 제조업"
C2918,사무용 기계 및 장비 제조업
C2919,기타 일반 목적용 기계 제조업
C2921,농업 및 임업용 기계 제조업
C2922,가공 공작기계 제조업
C2923,금속 주조 및 기타 야금용 기계 제조업
C2924,건설 및 광업용 기계장비 제조업
C2925,음ㆍ식료품 및 담배 가공기계 제조업
C2926,"섬유, 의복 및 가죽 가공기계 제조업"
C2927,반도체 및 디스플레이 제조용 기계 제조업
C2928,산업용 로봇 제조업
C2929,기타 특수 목적용 기계 제조업
C3011,자동차용 엔진 제조업
C3012,자동차 제조업
C3020,자동차 차체 및 트레일러 제조업
C3031,자동차 엔진용 신품 부품 제조업
C3032,자동차 차체용 신품 부품 제조업
C3033,자동차용 신품 동력 전달장치 및 전기장치 제조업
C3039,자동차용 기타 신품 부품 제조업
C3040,자동차 재제조 부품 제조업
C3111,선박 및 수상 부유 구조물 건조업
C3112,오락 및 스포츠용 보트 건조업
C3120,철도장비 제조업
C3131,"항공기, 우주선 및 보조장치 제조업"
C3132,항공기용 엔진 및 부품 제조업
C3191,전투용 차량 제조업
C3192,모터사이클 제조업
C3199,그 외 기타 분류 안된 운송장비 제조업
C3201,침대 및 내장 가구 제조업
C3202,목재 가구 제조업
C3209,기타 가구 제조업
C3311,귀금속 및 관련제품 제조업
C3312,모조 귀금속 및 모조 장신용품 제조업
C3320,악기 제조업
C3330,운동 및 경기용구 제조업
C3340,"인형, 장난감 및 오락용품 제조업"
C3391,간판 및 광고물 제조업
C3392,사무 및 회화용품 제조업
C3393,"가발, 장식용품 및 전시용 모형 제조업"
C3399,그 외 기타 분류 안된 제품 제조업
C3401,일반 기계류 수리업
C3402,전기ㆍ전자 및 정밀 기기 수리업
D3511,발전업
D3512,송전 및 배전업
D3513,전기 판매업
D3520,연료용 가스 제조 및 배관공급업
D3530,"증기, 냉ㆍ온수 및 공기 조절 공급업"
E3601,생활용수 공급업
E3602,산업용수 공급업
E3701,하수 및 폐수 처리업
E3702,분뇨 처리업
E3811,"지정 외 폐기물 수집, 운반업"
E3812,"지정 폐기물 수집, 운반업"
E3813,"건설 폐기물 수집, 운반업"
E3821,지정 외 폐기물 처리업
E3822,지정 폐기물 처리업
E3823,건설 폐기물 처리업
E3824,"방사성 폐기물 수집, 운반 및 처리업"
E3831,"금속류 해체, 선별 및 원료 재생업"
E3832,"비금속류 해체, 선별 및 원료 재생업"
E3900,환경 정화 및 복원업
F4111,주거용 건물 건설업
F4112,비주거용 건물 건설업
F4121,지반조성 건설업
F4122,토목 시설물 건설업
F4211,건물 및 구축물 해체 공사업
F4212,기반조성 관련 전문공사업
F4213,시설물 축조 관련 전문공사업
F4220,건물설비 설치 공사업
F4231,전기 공사업
F4232,통신 공사업
F4241,"도장, 도배 및 내장 공사업"
F4242,유리 및 창호 공사업
F4249,기타 건축 마무리 공사업
F4250,시설물 유지관리 공사업
F4260,건설장비 운영업
G4511,자동차 신품 판매업
G4512,중고 자동차 판매업
G4521,자동차 신품 부품 및 내장품 판매업
G4522,자동차 중고 부품 및 내장품 판매업
G4530,모터사이클 및 부품 판매업
G4610,상품 중개업
G4620,산업용 농ㆍ축산물 및 동ㆍ식물 도매업
G4631,신선 식품 및 단순 가공 식품 도매업
G4632,가공식품 도매업
G4633,음료 및 담배 도매업
G4641,"생활용 섬유제품, 의복, 의복 액세서리 및 모피제품 도매업"
G4642,신발 도매업
G4643,"생활용 가구, 조명기구 및 비전기식 생활용기기 도매업"
G4644,"의약품, 의료용품 및 화장품 도매업"
G4645,"생활용 포장ㆍ위생용품, 문구용품 및 출판 인쇄물 도매업"
G4646,"음반 및 비디오물, 악기, 오락 및 경기용품 도매업"
G4649,"가방, 시계, 안경 및 기타 생활용품 도매업"
G4651,"컴퓨터 및 주변장치, 소프트웨어 도매업"
G4652,"가전제품, 통신장비 및 부품 도매업"
G4653,산업용 기계 및 장비 도매업
G4659,기타 기계 및 장비 도매업
G4661,일반 건축자재 도매업
G4662,"냉ㆍ난방장치 및 철물, 수공구 도매업"
G4669,기타 건축자재 도매업
G4671,"연료, 연료용 광물 및 관련제품 도매업"
G4672,1차 금속제품 및 금속광물 도매업
G4673,화학 물질 및 화학제품 도매업
G4674,"방직용 섬유, 실 및 직물 도매업"
G4675,"종이 원지, 판지, 종이상자 도매업"
G4679,재생용 재료 및 기타 상품 전문 도매업
G4680,상품 종합 도매업
G4711,대형 종합 소매업
G4712,음ㆍ식료품 위주 종합 소매업
G4713,면세점
G4719,그 외 기타 종합 소매업
G4721,식료품 소매업
G4722,음료 및 담배 소매업
G4731,"컴퓨터 및 주변장치, 소프트웨어 및 통신기기 소매업"
G4732,가전제품 소매업
G4741,의복 소매업
G4742,"섬유, 직물 및 의복 액세서리 소매업"
G4743,신발 소매업
G4744,가방 및 기타 가죽제품 소매업
G4751,"철물, 공구, 창호 및 건설자재 소매업"
G4752,가구 소매업
G4759,그 외 기타 가정용품 소매업
G4761,서적 및 문구용품 소매업
G4762,음반 및 비디오물 소매업
G4763,운동용품 및 자전거 소매업
G4764,"게임용구, 인형 및 장난감 소매업"
G4771,운송장비용 연료 소매업
G4772,가정용 연료 소매업
G4781,"의약품, 의료용 기구, 화장품 및 방향제 소매업"
G4782,"사무용 기기, 안경, 사진장비 및 정밀기기 소매업"
G4783,시계 및 귀금속 소매업
G4784,"예술품, 기념품 및 장식용품 소매업"
G4785,그 외 기타 상품 전문 소매업
G4786,중고 상품 소매업
G4791,통신 판매업
G4792,노점 및 유사 이동 소매업
G4799,기타 무점포 소매업
H4910,철도 운송업
H4921,도시 정기 육상 여객 운송업
H4922,시외버스 운송업
H4923,부정기 육상 여객 운송업
H4930,도로 화물 운송업
H4940,소화물 전문 운송업
H4950,파이프라인 운송업
H5011,외항 운송업
H5012,내항 운송업
H5013,기타 해상 운송업
H5020,내륙 수상 및 항만 내 운송업
H5110,항공 여객 운송업
H5120,항공 화물 운송업
H5210,보관 및 창고업
H5291,육상 운송 지원 서비스업
H5292,수상 운송 지원 서비스업
H5293,항공 운송 지원 서비스업
H5294,화물 취급업
H5299,그 외 기타 운송관련 서비스업
I5510,일반 및 생활 숙박시설 운영업
I5590,기타 숙박업
I5611,한식 음식점업
I5612,외국식 음식점업
I5613,기관 구내식당업
I5614,출장 및 이동 음식점업
I5619,기타 간이 음식점업
I5621,주점업
I5622,비알코올 음료점업
J5811,서적 출판업
J5812,"신문, 잡지 및 정기 간행물 출판업"
J5819,기타 인쇄물 출판업
J5821,게임 소프트웨어 개발 및 공급업
J5822,시스템ㆍ응용 소프트웨어 개발 및 공급업
J5911,"영화, 비디오물 및 방송 프로그램 제작업"
J5912,"영화, 비디오물 및 방송 프로그램 제작 관련 서비스업"
J5913,"영화, 비디오물 및 방송 프로그램 배급업"
J5914,영화 및 비디오물 상영업
J5920,오디오물 출판 및 원판 녹음업
J6010,라디오 방송업
J6021,지상파 방송업
J6022,"유선, 위성 및 기타 방송업"
J6110,공영 우편업
J6121,유선 통신업
J6122,무선 및 위성 통신업
J6129,기타 전기 통신업
J6201,컴퓨터 프로그래밍 서비스업
J6202,"컴퓨터 시스템 통합 자문, 구축 및 관리업"
J6209,기타 정보 기술 및 컴퓨터 운영 관련 서비스업
J6311,"자료 처리, 호스팅 및 관련 서비스업"
J6312,포털 및 기타 인터넷 정보 매개 서비스업
J6391,뉴스 제공업
J6399,그 외 기타 정보 서비스업
K6411,중앙은행
K6412,일반은행
K6413,신용조합 및 저축기관
K6420,신탁업 및 집합 투자업
K6491,여신 금융업
K6499,그 외 기타 금융업
K6511,생명보험업
K6512,손해 및 보증보험업
K6513,사회보장보험업
K6520,재보험업
K6530,연금 및 공제업
K6611,금융시장 관리업
K6612,증권 및 선물 중개업
K6619,기타 금융 지원 서비스업
K6620,보험 및 연금관련 서비스업
L6811,부동산 임대업
L6812,부동산 개발 및 공급업
L6821,부동산 관리업
L6822,"부동산 중개, 자문 및 감정 평가업"
M7011,자연과학 연구개발업
M7012,공학 연구개발업
M7013,자연과학 및 공학 융합 연구개발업
M7020,인문 및 사회과학 연구개발업
M7110,법무관련 서비스업
M7120,회계 및 세무관련 서비스업
M7131,광고 대행업
M7139,기타 광고업
M7140,시장 조사 및 여론 조사업
M7151,회사 본부
M7153,경영 컨설팅 및 공공 관계 서비스업
M7160,기타 전문 서비스업
M7211,건축 및 조경 설계 서비스업
M7212,엔지니어링 서비스업
M7291,"기술 시험, 검사 및 분석업"
M7292,"측량, 지질 조사 및 지도 제작업"
M7310,수의업
M7320,전문 디자인업
M7330,사진 촬영 및 처리업
M7390,"그 외 기타 전문, 과학 및 기술 서비스업"
N7410,사업시설 유지ㆍ관리 서비스업
N7421,건물 및 산업설비 청소업
N7422,"소독, 구충 및 방제 서비스업"
N7430,조경관리 및 유지 서비스업
N7511,고용 알선업
N7512,인력 공급업
N7521,여행사업
N7529,기타 여행 보조 및 예약 서비스업
N7531,경비 및 경호 서비스업
N7532,보안 시스템 서비스업
N7533,탐정 및 조사 서비스업
N7591,사무 지원 서비스업
N7599,그 외 기타 사업 지원 서비스업
N7611,자동차 임대업
N7619,기타 운송장비 임대업
N7621,스포츠 및 레크리에이션 용품 임대업
N7622,음반 및 비디오물 임대업
N7629,기타 개인 및 가정용품 임대업
N7631,건설 및 토목공사용 기계ㆍ장비 임대업
N7632,컴퓨터 및 사무용 기계ㆍ장비 임대업
N7639,기타 산업용 기계 및 장비 임대업
N7640,무형 재산권 임대업
O8411,일반 공공 행정
O8412,정부기관 일반 보조 행정
O8421,사회서비스 관리 행정
O8422,노동 및 산업 진흥 행정
O8431,외무 행정
O8432,국방 행정
O8440,사법 및 공공 질서 행정
O8450,사회보장 행정
P8511,유아 교육기관
P8512,초등학교
P8521,일반 중등 교육기관
P8522,특성화 고등학교
P8530,고등 교육기관
P8541,특수학교
P8542,외국인학교
P8543,대안학교
P8550,일반 교습학원
P8561,스포츠 및 레크리에이션 교육기관
P8562,예술학원
P8563,외국어학원 및 기타 교습학원
P8564,사회교육시설
P8565,직원 훈련기관
P8566,기술 및 직업 훈련학원
P8569,그 외 기타 교육기관
P8570,교육 지원 서비스업
Q8610,병원
Q8620,의원
Q8630,공중 보건 의료업
Q8690,기타 보건업
Q8711,노인 거주 복지시설 운영업
Q8712,심신 장애인 거주 복지시설 운영업
Q8713,기타 거주 복지시설 운영업
Q8721,보육시설 운영업
Q8729,기타 비거주 복지 서비스업
R9011,공연시설 운영업
R9012,공연단체
R9013,자영 예술가
R9019,기타 창작 및 예술관련 서비스업
R9021,"도서관, 기록 보존소 및 독서실 운영업"
R9022,박물관 및 사적지 관리 운영업
R9023,"식물원, 동물원 및 자연공원 운영업"
R9029,기타 유사 여가관련 서비스업
R9111,경기장 운영업
R9112,골프장 및 스키장 운영업
R9113,기타 스포츠시설 운영업
R9119,기타 스포츠 서비스업
R9121,유원지 및 테마파크 운영업
R9122,오락장 운영업
R9123,수상오락 서비스업
R9124,사행시설 관리 및 운영업
R9129,그 외 기타 오락관련 서비스업
S9411,산업 단체
S9412,전문가 단체
S9420,노동조합
S9491,종교 단체
S9492,정치 단체
S9493,시민운동 단체
S9499,그 외 기타 협회 및 단체
S9511,컴퓨터 및 주변 기기 수리업
S9512,통신장비 수리업
S9521,자동차 수리 및 세차업
S9522,모터사이클 수리업
S9531,가전제품 수리업
S9539,기타 개인 및 가정용품 수리업
S9611,이용 및 미용업
S9612,"욕탕, 마사지 및 기타 신체 관리 서비스업"
S9691,세탁업
S9692,장례식장 및 관련 서비스업
S9699,그 외 기타 분류 안된 개인 서비스업
T9700,가구 내 고용활동
T9810,자가 소비를 위한 가사 생산 활동
T9820,자가 소비를 위한 가사 서비스 활동
U9900,국제 및 외국기관
A011,작물 재배업
A012,축산업
A013,작물재배 및 축산 복합농업
A014,작물재배 및 축산 관련 서비스업
A015,수렵 및 관련 서비스업
A020,임업
A031,어로 어업
A032,양식어업 및 어업관련 서비스업
B051,석탄 광업
B052,원유 및 천연가스 채굴업
B061,철 광업
B062,비철금속 광업
B071,토사석 광업
B072,기타 비금속광물 광업
B080,광업 지원 서비스업
C101,"도축, 육류 가공 및 저장 처리업"
C102,수산물 가공 및 저장 처리업
C103,"과실, 채소 가공 및 저장 처리업"
C104,동물성 및 식물성 유지 제조업
C105,낙농제품 및 식용 빙과류 제조업
C106,"곡물 가공품, 전분 및 전분제품 제조업"
C107,기타 식품 제조업
C108,동물용 사료 및 조제식품 제조업
C111,알코올 음료 제조업
C112,비알코올 음료 및 얼음 제조업
C120,담배 제조업
C131,방적 및 가공사 제조업
C132,직물 직조 및 직물제품 제조업
C133,편조 원단 제조업
C134,"섬유제품 염색, 정리 및 마무리 가공업"
C139,기타 섬유제품 제조업
C141,봉제의복 제조업
C142,모피제품 제조업
C143,편조의복 제조업
C144,의복 액세서리 제조업
C151,"가죽, 가방 및 유사 제품 제조업"
C152,신발 및 신발 부분품 제조업
C161,제재 및 목재 가공업
C162,나무제품 제조업
C163,코르크 및 조물 제품 제조업
C171,"펄프, 종이 및 판지 제조업"
C172,"골판지, 종이 상자 및 종이 용기 제조업"
C179,기타 종이 및 판지 제품 제조업
C181,인쇄 및 인쇄관련 산업
C182,기록매체 복제업
C191,코크스 및 연탄 제조업
C192,석유 정제품 제조업
C201,기초 화학물질 제조업
C202,합성고무 및 플라스틱 물질 제조업
C203,"비료, 농약 및 살균ㆍ살충제 제조업"
C204,기타 화학제품 제조업
C205,화학섬유 제조업
C211,기초 의약 물질 및 생물학적 제제 제조업
C212,의약품 제조업
C213,의료용품 및 기타 의약 관련제품 제조업
C221,고무제품 제조업
C222,플라스틱 제품 제조업
C231,유리 및 유리제품 제조업
C232,"내화, 비내화 요업제품 제조업"
C233,"시멘트, 석회, 플라스터 및 그 제품 제조업"
C239,기타 비금속 광물제품 제조업
C241,1차 철강 제조업
C242,1차 비철금속 제조업
C243,금속 주조업
C251,"구조용 금속제품, 탱크 및 증기발생기 제조업"
C252,무기 및 총포탄 제조업
C259,기타 금속 가공제품 제조업
C261,반도체 제조업
C262,전자 부품 제조업
C263,컴퓨터 및 주변 장치 제조업
C264,통신 및 방송장비 제조업
C265,영상 및 음향 기기 제조업
C266,마그네틱 및 광학 매체 제조업
C271,의료용 기기 제조업
C272,"측정, 시험, 항해, 제어 및 기타 정밀 기기 제조업; 광학 기기 제외"
C273,사진장비 및 광학 기기 제조업
C274,시계 및 시계 부품 제조업
C281,"전동기, 발전기 및 전기 변환ㆍ공급ㆍ제어 장치 제조업"
C282,일차전지 및 축전지 제조업
C283,절연선 및 케이블 제조업
C284,전구 및 조명장치 제조업
C285,가정용 기기 제조업
C289,기타 전기장비 제조업
C291,일반 목적용 기계 제조업
C292,특수 목적용 기계 제조업
C301,자동차용 엔진 및 자동차 제조업
C302,자동차 차체 및 트레일러 제조업
C303,자동차 신품 부품 제조업
C304,자동차 재제조 부품 제조업
C311,선박 및 보트 건조업
C312,철도장비 제조업
C313,"항공기, 우주선 및 부품 제조업"
C319,그 외 기타 운송장비 제조업
C320,가구 제조업
C331,귀금속 및 장신용품 제조업
C332,악기 제조업
C333,운동 및 경기용구 제조업
C334,"인형, 장난감 및 오락용품 제조업"
C339,그 외 기타 제품 제조업
C340,산업용 기계 및 장비 수리업
D351,전기업
D352,연료용 가스 제조 및 배관공급업
D353,"증기, 냉ㆍ온수 및 공기 조절 공급업"
E360,수도업
E370,"하수, 폐수 및 분뇨 처리업"
E381,"폐기물 수집, 운반업"
E382,폐기물 처리업
E383,"해체, 선별 및 원료 재생업"
E390,환경 정화 및 복원업
F411,건물 건설업
F412,토목 건설업
F421,기반조성 및 시설물 축조관련 전문공사업
F422,건물설비 설치 공사업
F423,전기 및 통신 공사업
F424,실내건축 및 건축마무리 공사업
F425,시설물 유지관리 공사업
F426,건설장비 운영업
G451,자동차 판매업
G452,자동차 부품 및 내장품 판매업
G453,모터사이클 및 부품 판매업
G461,상품 중개업
G462,산업용 농ㆍ축산물 및 동ㆍ식물 도매업
G463,음ㆍ식료품 및 담배 도매업
G464,생활용품 도매업
G465,기계장비 및 관련 물품 도매업
G466,"건축 자재, 철물 및 난방장치 도매업"
G467,기타 전문 도매업
G468,상품 종합 도매업
G471,종합 소매업
G472,음ㆍ식료품 및 담배 소매업
G473,가전제품 및 정보 통신장비 소매업
G474,"섬유, 의복, 신발 및 가죽제품 소매업"
G475,기타 생활용품 소매업
G476,"문화, 오락 및 여가 용품 소매업"
G477,연료 소매업
G478,기타 상품 전문 소매업
G479,무점포 소매업
H491,철도 운송업
H492,육상 여객 운송업
H493,도로 화물 운송업
H494,소화물 전문 운송업
H495,파이프라인 운송업
H501,해상 운송업
H502,내륙 수상 및 항만 내 운송업
H511,항공 여객 운송업
H512,항공 화물 운송업
H521,보관 및 창고업
H529,기타 운송관련 서비스업
I551,일반 및 생활 숙박시설 운영업
I559,기타 숙박업
I561,음식점업
I562,주점 및 비알코올 음료점업
J581,"서적, 잡지 및 기타 인쇄물 출판업"
J582,소프트웨어 개발 및 공급업
J591,"영화, 비디오물, 방송 프로그램 제작 및 배급업"
J592,오디오물 출판 및 원판 녹음업
J601,라디오 방송업
J602,텔레비전 방송업
J611,공영 우편업
J612,전기 통신업
J620,"컴퓨터 프로그래밍, 시스템 통합 및 관리업"
J631,"자료 처리, 호스팅, 포털 및 기타 인터넷 정보 매개 서비스업"
J639,기타 정보 서비스업
K641,은행 및 저축기관
K642,신탁업 및 집합 투자업
K649,기타 금융업
K651,보험업
K652,재보험업
K653,연금 및 공제업
K661,금융 지원 서비스업
K662,보험 및 연금관련 서비스업
L681,부동산 임대 및 공급업
L682,부동산관련 서비스업
M701,자연과학 및 공학 연구개발업
M702,인문 및 사회과학 연구개발업
M711,법무관련 서비스업
M712,회계 및 세무관련 서비스업
M713,광고업
M714,시장 조사 및 여론 조사업
M715,회사 본부 및 경영 컨설팅 서비스업
M716,기타 전문 서비스업
M721,"건축 기술, 엔지니어링 및 관련 기술 서비스업"
M729,기타 과학기술 서비스업
M731,수의업
M732,전문 디자인업
M733,사진 촬영 및 처리업
M739,"그 외 기타 전문, 과학 및 기술 서비스업"
N741,사업시설 유지ㆍ관리 서비스업
N742,건물ㆍ산업설비 청소 및 방제 서비스업
N743,조경관리 및 유지 서비스업
N751,고용 알선 및 인력 공급업
N752,여행사 및 기타 여행 보조 서비스업
N753,"경비, 경호 및 탐정업"
N759,기타 사업 지원 서비스업
N761,운송장비 임대업
N762,개인 및 가정용품 임대업
N763,산업용 기계 및 장비 임대업
N764,무형 재산권 임대업
O841,입법 및 일반 정부 행정
O842,사회 및 산업정책 행정
O843,외무 및 국방 행정
O844,사법 및 공공 질서 행정
O845,사회보장 행정
P851,초등 교육기관
P852,중등 교육기관
P853,고등 교육기관
P854,"특수학교, 외국인학교 및 대안학교"
P855,일반 교습학원
P856,기타 교육기관
P857,교육 지원 서비스업
Q861,병원
Q862,의원
Q863,공중 보건 의료업
Q869,기타 보건업
Q871,거주 복지시설 운영업
Q872,비거주 복지시설 운영업
R901,창작 및 예술관련 서비스업
R902,"도서관, 사적지 및 유사 여가관련 서비스업"
R911,스포츠 서비스업
R912,유원지 및 기타 오락관련 서비스업
S941,산업 및 전문가 단체
S942,노동조합
S949,기타 협회 및 단체
S951,컴퓨터 및 통신장비 수리업
S952,자동차 및 모터사이클 수리업
S953,개인 및 가정용품 수리업
S961,"미용, 욕탕 및 유사 서비스업"
S969,그 외 기타 개인 서비스업
T970,가구 내 고용활동
T981,자가 소비를 위한 가사 생산 활동
T982,자가 소비를 위한 가사 서비스 활동
U990,국제 및 외국기관
A01,농업
A02,임업
A03,어업
B05,"석탄, 원유 및 천연가스 광업"
B06,금속 광업
B07,비금속광물 광업; 연료용 제외
B08,광업 지원 서비스업
C10,식료품 제조업
C11,음료 제조업
C12,담배 제조업
C13,섬유제품 제조업; 의복 제외
C14,"의복, 의복 액세서리 및 모피제품 제조업"
C15,"가죽, 가방 및 신발 제조업"
C16,목재 및 나무제품 제조업; 가구 제외
C17,"펄프, 종이 및 종이제품 제조업"
C18,인쇄 및 기록매체 복제업
C19,"코크스, 연탄 및 석유정제품 제조업"
C20,화학 물질 및 화학제품 제조업; 의약품 제외
C21,의료용 물질 및 의약품 제조업
C22,고무 및 플라스틱제품 제조업
C23,비금속 광물제품 제조업
C24,1차 금속 제조업
C25,금속 가공제품 제조업; 기계 및 가구 제외
C26,"전자 부품, 컴퓨터, 영상, 음향 및 통신장비 제조업"
C27,"의료, 정밀, 광학 기기 및 시계 제조업"
C28,전기장비 제조업
C29,기타 기계 및 장비 제조업
C30,자동차 및 트레일러 제조업
C31,기타 운송장비 제조업
C32,가구 제조업
C33,기타 제품 제조업
C34,산업용 기계 및 장비 수리업
D35,"전기, 가스, 증기 및 공기 조절 공급업"
E36,수도업
E37,"하수, 폐수 및 분뇨 처리업"
E38,"폐기물 수집, 운반, 처리 및 원료 재생업"
E39,환경 정화 및 복원업
F41,종합 건설업
F42,전문직별 공사업
G45,자동차 및 부품 판매업
G46,도매 및 상품 중개업
G47,소매업; 자동차 제외
H49,육상 운송 및 파이프라인 운송업
H50,수상 운송업
H51,항공 운송업
H52,창고 및 운송관련 서비스업
I55,숙박업
I56,음식점 및 주점업
J58,출판업
J59,영상ㆍ오디오 기록물 제작 및 배급업
J60,방송업
J61,우편 및 통신업
J62,"컴퓨터 프로그래밍, 시스템 통합 및 관리업"
J63,정보서비스업
K64,금융업
K65,보험 및 연금업
K66,금융 및 보험관련 서비스업
L68,부동산업
M70,연구개발업
M71,전문 서비스업
M72,"건축 기술, 엔지니어링 및 기타 과학기술 서비스업"
M73,"기타 전문, 과학 및 기술 서비스업"
N74,사업시설 관리 및 조경 서비스업
N75,사업 지원 서비스업
N76,임대업; 부동산 제외
O84,"공공 행정, 국방 및 사회보장 행정"
P85,교육 서비스업
Q86,보건업
Q87,사회복지 서비스업
R90,"창작, 예술 및 여가관련 서비스업"
R91,스포츠 및 오락관련 서비스업
S94,협회 및 단체
S95,개인 및 소비용품 수리업
S96,기타 개인 서비스업
T97,가구 내 고용활동
T98,달리 분류되지 않은 자가 소비를 위한 가구의 재화 및 서비스 생산활동
U99,국제 및 외국기관
A,"농업, 임업 및 어업(01~03)"
B,광업(05~08)
C,제조업(10~34)
D,"전기, 가스, 증기 및 공기 조절 공급업(35)"
E,"수도, 하수 및 폐기물 처리, 원료 재생업(36~39)"
F,건설업(41~42)
G,도매 및 소매업(45~47)
H,운수 및 창고업(49~52)
I,숙박 및 음식점업(55~56)
J,정보통신업(58~63)
K,금융 및 보험업(64~66)
L,부동산업(68)
M,"전문, 과학 및 기술 서비스업(70~73)"
N,"사업시설 관리, 사업 지원 및 임대 서비스업(74~76)"
O,"공공 행정, 국방 및 사회보장 행정(84)"
P,교육 서비스업(85)
Q,보건업 및 사회복지 서비스업(86~87)
R,"예술, 스포츠 및 여가관련 서비스업(90~91)"
S,"협회 및 단체, 수리 및 기타 개인 서비스업(94~96)"
T,가구 내 고용활동 및 달리 분류되지 않은 자가 소비 생산활동(97~98)
U,국제 및 외국기관(99)
